{"base_color": -0.13518642661287084, "data_path": "data/scenarios/highway/sc13/", "n_epoch": 10000, "n_frames": 20, "frame_offset": 218, "scale": 5, "patch_lateral_shift": 0, "result_dir": "./logs/highway_sc13_right/", "left_lane_pos": 6, "right_lane_pos": 34, "right_solid": false, "left_solid": false, "src_corners": [[505.0, 440.0], [682.0, 440.0], [150.0, 600.0], [1100.0, 600.0]], "target_deviation": 0.5, "is_attack_to_rigth": true, "patch_width": 45, "patch_length": 300, "starting_meters": 7, "l2_weight": 0.001}