{"base_color": -0.32168664525971435, "data_path": "data/scenarios/highway/sc10/", "n_epoch": 10000, "n_frames": 20, "frame_offset": 0, "scale": 5, "patch_lateral_shift": 0, "result_dir": "./logs/highway_sc10_right/", "left_lane_pos": 4, "right_lane_pos": 36, "right_solid": false, "left_solid": false, "src_corners": [[535.0, 440.0], [672.0, 440.0], [150.0, 600.0], [1100.0, 600.0]], "target_deviation": 0.5, "is_attack_to_rigth": true, "patch_width": 45, "patch_length": 300, "starting_meters": 7, "l2_weight": 0.001}