{"base_color": -0.42902459278035915, "data_path": "data/scenarios/highway/sc15/", "n_epoch": 10000, "n_frames": 20, "frame_offset": 1000, "scale": 5, "patch_lateral_shift": 0, "result_dir": "./logs/highway_sc15_left/", "left_lane_pos": 4, "right_lane_pos": 36, "right_solid": false, "left_solid": false, "src_corners": [[515.0, 440.0], [692.0, 440.0], [150.0, 600.0], [1100.0, 600.0]], "target_deviation": 0.5, "is_attack_to_rigth": false, "patch_width": 45, "patch_length": 300, "starting_meters": 7, "l2_weight": 0.001}