{"base_color": -0.3577085873053856, "data_path": "data/scenarios/highway/sc20/", "n_epoch": 10000, "n_frames": 20, "frame_offset": 0, "scale": 5, "patch_lateral_shift": 0, "result_dir": "./logs/highway_sc20_right/", "left_lane_pos": 5, "right_lane_pos": 38, "right_solid": false, "left_solid": false, "src_corners": [[530.0, 440.0], [702.0, 440.0], [150.0, 600.0], [1100.0, 600.0]], "target_deviation": 0.5, "is_attack_to_rigth": true, "patch_width": 45, "patch_length": 300, "starting_meters": 7, "l2_weight": 0.001}